30347257,1417,,treats,,Sevoflurane,,,,Inflammation,,,,,
24413653,546,,treats,,Fenbendazole,,,,helminthiasis,,,,,
30376577,1300,,treats,,Sodium Chloride,,,,Ascites,,,,,
9783282,549,,treats,,Thiabendazole,,,,helminthiasis,,,,,
16658505,551,,affects,,Albendazole,,,,malaria,,,,,
16658503,551,,disrupts,,Albendazole,,,,malaria,,,,,
11239060,551,,affects,,Albendazole,,,,filariasis,,,,,
9492446,551,,treats,,Albendazole,,,,filariasis,,,,,
15248433,551,,prevents,,Albendazole,,,,filariasis,,,,,
25735916,551,,affects,,Albendazole,,,,trichuriasis,,,,,
9588560,551,,treats,,Albendazole,,,,trichuriasis,,,,,
21848143,551,,causes,,Albendazole,,,,helminthiasis,,,,,
13946207,551,,affects,,Albendazole,,,,helminthiasis,,,,,
8712067,551,,treats,,Albendazole,,,,helminthiasis,,,,,
24729219,551,,disrupts,,Albendazole,,,,helminthiasis,,,,,
13732336,551,,prevents,,Albendazole,,,,helminthiasis,,,,,
18452252,551,,affects,,Albendazole,,,,toxocariasis,,,,,
10114050,551,,treats,,Albendazole,,,,toxocariasis,,,,,
30355168,1300,,treats,,Sodium Chloride,,,,heart disorder,,,,,
10750815,551,,treats,,Albendazole,,,,onchocerciasis,,,,,
7620262,551,,treats,,Albendazole,,,,Hookworm Infections,,,,,
13637338,551,,disrupts,,Albendazole,,,,Hookworm Infections,,,,,
24685635,551,,affects,,Albendazole,,,,filarial elephantiasis,,,,,
7640018,551,,treats,,Albendazole,,,,filarial elephantiasis,,,,,
7226097,551,,treats,,Albendazole,,,,cysticercosis,,,,,
22678969,551,,treats,,Albendazole,,,,Infection,,,,,
25678577,553,,treats,,Latamoxef,,,,bacterial infectious disease,,,,,
21214366,554,,affects,,Ibuprofen,,,,bronchopulmonary dysplasia,,,,,
30645203,953,,treats,,Midazolam,,,,Agitation,,,,,
14332005,554,,predisposes,,Ibuprofen,,,,bronchopulmonary dysplasia,,,,,
24384432,554,,affects,,Ibuprofen,,,,migraine disorder,,,,,
8452594,554,,treats,,Ibuprofen,,,,migraine disorder,,,,,
30647282,1538,,treats,,Finasteride,,,,benign prostatic hyperplasia,,,,,
13826486,554,,affects,,Ibuprofen,,,,osteoarthritis,,,,,
8819538,554,,affects,,Ibuprofen,,,,osteoarthritis,,,,,
7887942,554,,treats,,Ibuprofen,,,,osteoarthritis,,,,,
19399624,554,,prevents,,Ibuprofen,,,,osteoarthritis,,,,,
13653982,554,,causes,,Ibuprofen,,,,Alzheimer disease,,,,,
9436288,554,,treats,,Ibuprofen,,,,Alzheimer disease,,,,,
8331095,554,,disrupts,,Ibuprofen,,,,Alzheimer disease,,,,,
7843138,554,,prevents,,Ibuprofen,,,,Alzheimer disease,,,,,
14294004,554,,predisposes,,Ibuprofen,,,,Alzheimer disease,,,,,
9800201,554,,causes,,Ibuprofen,,,,arthritic joint disease,,,,,
7686895,554,,treats,,Ibuprofen,,,,arthritic joint disease,,,,,
18599970,554,,disrupts,,Ibuprofen,,,,arthritic joint disease,,,,,
21268743,554,,treats,,Ibuprofen,,,,glioma,,,,,
30361649,1728,,treats,,Dronabinol,,,,cannabis dependence,,,,,
8397426,554,,treats,,Ibuprofen,,,,rheumatoid arthritis,,,,,
17292168,554,,treats,,Ibuprofen,,,,Chronic pain,,,,,
13710734,554,,prevents,,Ibuprofen,,,,Chronic pain,,,,,
8698382,554,,treats,,Ibuprofen,,,,Tension-type headache,,,,,
9536612,554,,treats,,Ibuprofen,,,,Low back pain,,,,,
12482174,554,,causes,,Ibuprofen,,,,pancreatitis,,,,,
21354514,554,,prevents,,Ibuprofen,,,,pancreatitis,,,,,
12079834,554,,causes,,Ibuprofen,,,,adult acute respiratory distress syndrome,,,,,
23500890,554,,affects,,Ibuprofen,,,,adult acute respiratory distress syndrome,,,,,
11440746,554,,related to,,Ibuprofen,,,,Toothache,,,,,
12438812,554,,causes,,Ibuprofen,,,,Toothache,,,,,
7210912,554,,treats,,Ibuprofen,,,,Toothache,,,,,
10195210,554,,treats,,Ibuprofen,,,,influenza,,,,,
30645465,724,,treats,,Mannitol,,,,Edema,,,,,
27630106,554,,disrupts,,Ibuprofen,,,,Acute Pain,,,,,
8748381,554,,treats,,Ibuprofen,,,,Dysmenorrhea,,,,,
15961024,554,,prevents,,Ibuprofen,,,,Dysmenorrhea,,,,,
30341165,779,,treats,,Aspirin,,,,preeclampsia,,,,,
11239637,554,,treats,,Ibuprofen,,,,Back pain,,,,,
13726345,554,,causes,,Ibuprofen,,,,patent ductus arteriosus,,,,,
10170540,554,,affects,,Ibuprofen,,,,patent ductus arteriosus,,,,,
7851777,554,,treats,,Ibuprofen,,,,patent ductus arteriosus,,,,,
8584177,554,,prevents,,Ibuprofen,,,,patent ductus arteriosus,,,,,
25518118,554,,treats,,Ibuprofen,,,,Fractured ankle,,,,,
26824955,554,,treats,,Ibuprofen,,,,spondylosis,,,,,
8106985,554,,related to,,Ibuprofen,,,,burn,,,,,
22125431,554,,treats,,Ibuprofen,,,,preeclampsia,,,,,
8163776,554,,causes,,Ibuprofen,,,,injury,,,,,
30381272,1659,,treats,,D-Glucosamine,,,,osteoarthritis,,,,,
9104501,554,,treats,,Ibuprofen,,,,injury,,,,,
9104502,554,,prevents,,Ibuprofen,,,,injury,,,,,
15342704,554,,exacerbates,,Ibuprofen,,,,injury,,,,,
14085648,554,,predisposes,,Ibuprofen,,,,injury,,,,,
20886939,554,,affects,,Ibuprofen,,,,Cognitive impairment,,,,,
30383678,1300,,treats,,Sodium Chloride,,,,cataract,,,,,
17621968,554,,treats,,Ibuprofen,,,,Cognitive impairment,,,,,
18977843,554,,affects,,Ibuprofen,,,,Headache,,,,,
7852264,554,,treats,,Ibuprofen,,,,Headache,,,,,
10201705,554,,prevents,,Ibuprofen,,,,Headache,,,,,
30643233,1619,,treats,,Folic Acid,,,,Reduced blood folate concentration,,,,,
25670779,554,,treats,,Ibuprofen,,,,sunburn,,,,,
17687542,554,,prevents,,Ibuprofen,,,,canker sore,,,,,
11381904,554,,treats,,Ibuprofen,,,,Premature birth,,,,,
20007370,554,,predisposes,,Ibuprofen,,,,cerebral palsy,,,,,
20285347,554,,treats,,Ibuprofen,,,,periodontitis,,,,,
13826476,554,,treats,,Ibuprofen,,,,"osteoarthritis, spine",,,,,
10429873,554,,causes,,Ibuprofen,,,,Hemorrhage,,,,,
11159990,554,,affects,,Ibuprofen,,,,Hemorrhage,,,,,
9889792,554,,affects,,Ibuprofen,,,,Hemorrhage,,,,,
45041718,2038,,treats,,Indapamide,,,,Edema,,,,,
22159382,554,,prevents,,Ibuprofen,,,,Hemorrhage,,,,,
9950431,554,,treats,,Ibuprofen,,,,rheumatic disorder,,,,,
20821983,554,,treats,,Ibuprofen,,,,common cold,,,,,
13133316,554,,causes,,Ibuprofen,,,,peptic ulcer disease,,,,,
45031985,2092,,treats,,Carvedilol,,,,congestive heart failure,,,,,
11790277,554,,treats,,Ibuprofen,,,,hypertensive disorder,,,,,
25657729,554,,prevents,,Ibuprofen,,,,hypertensive disorder,,,,,
30353057,570,,treats,,Methylprednisolone,,,,neoplasm,,,,,
30361615,569,,treats,,Hydrocortisone,,,,adrenal cortex neoplasm,,,,,
16265626,554,,related to,,Ibuprofen,,,,Arthralgia,,,,,
9444914,554,,treats,,Ibuprofen,,,,Arthralgia,,,,,
11536369,554,,treats,,Ibuprofen,,,,seasonal allergic rhinitis,,,,,
14582794,554,,related to,,Ibuprofen,,,,Pain,,,,,
11157616,554,,causes,,Ibuprofen,,,,Pain,,,,,
7732956,554,,treats,,Ibuprofen,,,,Pain,,,,,
30340030,1980,,treats,,Acetaminophen,,,,Pain,,,,,
9022792,554,,prevents,,Ibuprofen,,,,Pain,,,,,
10026104,554,,affects,,Ibuprofen,,,,Myalgia,,,,,
30359313,880,,treats,,Olaparib,,,,head and neck neoplasm,,,,,
23399675,554,,disrupts,,Ibuprofen,,,,Myalgia,,,,,
10026105,554,,prevents,,Ibuprofen,,,,Myalgia,,,,,
12641386,554,,causes,,Ibuprofen,,,,Fever,,,,,
12659717,554,,affects,,Ibuprofen,,,,Fever,,,,,
8421263,554,,affects,,Ibuprofen,,,,Fever,,,,,
7258310,554,,treats,,Ibuprofen,,,,Fever,,,,,
15072611,554,,disrupts,,Ibuprofen,,,,Fever,,,,,
22123299,554,,prevents,,Ibuprofen,,,,Fever,,,,,
15258520,554,,treats,,Ibuprofen,,,,cardiovascular disorder,,,,,
15316470,554,,subclass of,,Ibuprofen,,,,2-Hydroxyibuprofen,,,,,
25984950,556,,treats,,Cefmenoxime,,,,bacterial infectious disease,,,,,
21500374,557,,treats,,Ivabradine,,,,hypotensive disorder,,,,,
30370778,1300,,treats,,Sodium Chloride,,,,liver and intrahepatic bile duct neoplasm,,,,,
30341285,569,,treats,,Hydrocortisone,,,,toxic shock syndrome,,,,,
17909104,557,,disrupts,,Ivabradine,,,,coronary artery disorder,,,,,
13559450,557,,treats,,Ivabradine,,,,Tachycardia,,,,,
10817471,557,,prevents,,Ivabradine,,,,Tachycardia,,,,,
45058087,1478,,treats,,vitamin B12,,,,Methylmalonic acidemia,,,,,
30378782,886,,treats,,Capsaicin,,,,Vomiting,,,,,
20784958,557,,affects,,Ivabradine,,,,atrial fibrillation,,,,,
17604342,557,,treats,,Ivabradine,,,,atrial fibrillation,,,,,
19514713,557,,disrupts,,Ivabradine,,,,atrial fibrillation,,,,,
17822394,557,,prevents,,Ivabradine,,,,atrial fibrillation,,,,,
19153602,557,,predisposes,,Ivabradine,,,,atrial fibrillation,,,,,
15681673,557,,treats,,Ivabradine,,,,multiple organ dysfunction syndrome,,,,,
15641743,557,,treats,,Ivabradine,,,,systolic heart failure,,,,,
20520107,557,,affects,,Ivabradine,,,,mitral valve stenosis,,,,,
18126606,557,,treats,,Ivabradine,,,,mitral valve stenosis,,,,,
12164130,557,,treats,,Ivabradine,,,,Stable angina,,,,,
17604344,557,,related to,,Ivabradine,,,,diastolic heart failure,,,,,
20004006,557,,affects,,Ivabradine,,,,diastolic heart failure,,,,,
17604340,557,,treats,,Ivabradine,,,,diastolic heart failure,,,,,
30369142,724,,treats,,Mannitol,,,,brain injury,,,,,
11342280,557,,treats,,Ivabradine,,,,cardiovascular disorder,,,,,
15385004,558,,affects,,Cefixime,,,,chronic bronchitis,,,,,
15252860,558,,affects,,Cefixime,,,,gonorrhea,,,,,
8827692,558,,treats,,Cefixime,,,,gonorrhea,,,,,
30650079,1090,,treats,,Nelfinavir,,,,diarrheal disease,,,,,
20619094,558,,treats,,Cefixime,,,,bronchitis,,,,,
7594422,558,,treats,,Cefixime,,,,bacterial infectious disease,,,,,
26843374,558,,treats,,Cefixime,,,,tonsillitis,,,,,
22138225,558,,treats,,Cefixime,,,,syphilis,,,,,
23970374,558,,treats,,Cefixime,,,,Infection,,,,,
12941415,558,,treats,,Cefixime,,,,otitis media,,,,,
18811968,558,,prevents,,Cefixime,,,,otitis media,,,,,
26078551,559,,treats,,Ceftizoxime,,,,bacterial infectious disease,,,,,
25661332,559,,treats,,Ceftizoxime,,,,osteomyelitis,,,,,
17748395,560,,related to,,Trimetazidine,,,,diabetic kidney disease,,,,,
22426756,560,,affects,,Trimetazidine,,,,diabetic kidney disease,,,,,
23911647,560,,treats,,Trimetazidine,,,,diabetic kidney disease,,,,,
30376926,1500,,treats,,Empagliflozin,,,,myocardial infarction,,,,,
17755056,560,,treats,,Trimetazidine,,,,Cardiotoxicity,,,,,
18547788,560,,prevents,,Trimetazidine,,,,Cardiotoxicity,,,,,
19164679,560,,affects,,Trimetazidine,,,,cardiovascular disorder,,,,,
17682787,560,,treats,,Trimetazidine,,,,cardiovascular disorder,,,,,
19370408,561,,treats,,Cefodizime,,,,bacterial infectious disease,,,,,
9968932,562,,treats,,Acadesine,,,,B-cell chronic lymphocytic leukemia,,,,,
30379029,724,,treats,,Mannitol,,,,acute kidney failure,,,,,
16822044,567,,treats,,Ranolazine,,,,type 2 diabetes mellitus,,,,,
24441273,567,,treats,,Ranolazine,,,,amyotrophic lateral sclerosis,,,,,
12975239,567,,treats,,Ranolazine,,,,coronary artery disorder,,,,,
30341213,2195,,treats,,Cholecalciferol,,,,vitamin D deficiency,,,,,
17475563,567,,prevents,,Ranolazine,,,,Angina pectoris,,,,,
15243162,567,,treats,,Ranolazine,,,,diastolic heart failure,,,,,
15199166,567,,affects,,Ranolazine,,,,myocardial ischemia,,,,,
9302562,567,,treats,,Ranolazine,,,,myocardial ischemia,,,,,
14751648,567,,prevents,,Ranolazine,,,,myocardial ischemia,,,,,
30358501,953,,treats,,Midazolam,,,,epilepsy,,,,,
13317799,567,,causes,,Ranolazine,,,,atrial fibrillation,,,,,
19002641,567,,affects,,Ranolazine,,,,atrial fibrillation,,,,,
16599546,567,,affects,,Ranolazine,,,,atrial fibrillation,,,,,
13891593,567,,treats,,Ranolazine,,,,atrial fibrillation,,,,,
30341213,2195,,treats,,Cholecalciferol,,,,vitamin D deficiency,,,,,
14280230,567,,prevents,,Ranolazine,,,,atrial fibrillation,,,,,
17988674,567,,predisposes,,Ranolazine,,,,atrial fibrillation,,,,,
19314329,567,,affects,,Ranolazine,,,,cardiovascular disorder,,,,,
30362728,1300,,treats,,Sodium Chloride,,,,Hyperhidrosis,,,,,
19409335,568,,affects,,Prednisolone,,,,sarcoidosis,,,,,
9135976,568,,treats,,Prednisolone,,,,sarcoidosis,,,,,
14345678,568,,treats,,Prednisolone,,,,thrombotic thrombocytopenic purpura,,,,,
12061894,568,,related to,,Prednisolone,,,,West syndrome,,,,,
8752241,568,,treats,,Prednisolone,,,,West syndrome,,,,,
30644310,1363,,treats,,Cephalothin,,,,osteomyelitis,,,,,
30351529,1362,,treats,,Cefazolin,,,,bacterial infectious disease with sepsis,,,,,
24042094,568,,treats,,Prednisolone,,,,biliary atresia,,,,,
11810617,568,,treats,,Prednisolone,,,,congenital adrenal hyperplasia,,,,,
26862829,568,,related to,,Prednisolone,,,,multiple sclerosis,,,,,
7600829,568,,treats,,Prednisolone,,,,multiple sclerosis,,,,,
10531966,568,,related to,,Prednisolone,,,,allergic disease,,,,,
21556285,568,,causes,,Prednisolone,,,,allergic disease,,,,,
25790510,568,,affects,,Prednisolone,,,,allergic disease,,,,,
8906209,568,,treats,,Prednisolone,,,,allergic disease,,,,,
30643845,1894,,treats,,Omeprazole,,,,gastric ulcer,,,,,
27646185,568,,prevents,,Prednisolone,,,,allergic disease,,,,,
13988965,568,,related to,,Prednisolone,,,,osteoarthritis,,,,,
9361682,568,,affects,,Prednisolone,,,,osteoarthritis,,,,,
10565149,568,,treats,,Prednisolone,,,,osteoarthritis,,,,,
17312178,568,,treats,,Prednisolone,,,,type 2 diabetes mellitus,,,,,
30353114,1357,,treats,,mitomycin C,,,,sarcoma,,,,,
17604301,568,,treats,,Prednisolone,,,,cataract,,,,,
22130331,568,,treats,,Prednisolone,,,,schizophrenia,,,,,
30346212,1579,,treats,,Cabergoline,,,,endometriosis,,,,,
18736907,568,,affects,,Prednisolone,,,,asthma,,,,,
30352162,1383,,treats,,Doxorubicin,,,,leukemia,,,,,
30357414,1394,,treats,,Valacyclovir,,,,psychotic disorder,,,,,
10594561,568,,disrupts,,Prednisolone,,,,asthma,,,,,
11858005,568,,prevents,,Prednisolone,,,,asthma,,,,,
25959730,568,,related to,,Prednisolone,,,,sarcoma,,,,,
25621708,568,,related to,,Prednisolone,,,,uveitis,,,,,
26677891,568,,causes,,Prednisolone,,,,uveitis,,,,,
27658451,568,,affects,,Prednisolone,,,,uveitis,,,,,
7485161,568,,treats,,Prednisolone,,,,uveitis,,,,,
27206106,568,,disrupts,,Prednisolone,,,,uveitis,,,,,
7323744,568,,related to,,Prednisolone,,,,pemphigus,,,,,
45053590,1660,,treats,,Torsemide,,,,Edema,,,,,
30648958,1860,,treats,,Leurocristine,,,,leukemia,,,,,
30346114,2195,,treats,,Cholecalciferol,,,,"dermatitis, atopic",,,,,
26365803,568,,related to,,Prednisolone,,,,adrenocortical insufficiency,,,,,
21293782,568,,causes,,Prednisolone,,,,adrenocortical insufficiency,,,,,
10782301,568,,treats,,Prednisolone,,,,adrenocortical insufficiency,,,,,
27323391,568,,affects,,Prednisolone,,,,focal segmental glomerulosclerosis,,,,,
30342047,1894,,treats,,Omeprazole,,,,peptic ulcer disease,,,,,
9924521,568,,related to,,Prednisolone,,,,colitis,,,,,
10519611,568,,causes,,Prednisolone,,,,colitis,,,,,
19824794,568,,affects,,Prednisolone,,,,colitis,,,,,
30342356,1523,,treats,,Letrozole,,,,polycystic ovary syndrome,,,,,
15809068,568,,prevents,,Prednisolone,,,,colitis,,,,,
30351325,551,,treats,,Albendazole,,,,helminthiasis,,,,,
21634207,568,,treats,,Prednisolone,,,,chronic primary adrenal insufficiency,,,,,
20512112,568,,related to,,Prednisolone,,,,castration-resistant prostate carcinoma,,,,,
27410586,568,,affects,,Prednisolone,,,,castration-resistant prostate carcinoma,,,,,
12190701,568,,treats,,Prednisolone,,,,castration-resistant prostate carcinoma,,,,,
24523226,568,,related to,,Prednisolone,,,,glomerulonephritis,,,,,
25165576,568,,affects,,Prednisolone,,,,glomerulonephritis,,,,,
9729887,568,,treats,,Prednisolone,,,,glomerulonephritis,,,,,
9668241,568,,treats,,Prednisolone,,,,pure red-cell aplasia,,,,,
45032669,617,,treats,,Chloramphenicol,,,,typhoid fever,,,,,
10574409,568,,treats,,Prednisolone,,,,epicondylitis,,,,,
20612701,568,,treats,,Prednisolone,,,,myocarditis,,,,,
14373522,568,,causes,,Prednisolone,,,,exfoliative dermatitis,,,,,
24297743,568,,treats,,Prednisolone,,,,exfoliative dermatitis,,,,,
10715297,568,,related to,,Prednisolone,,,,keratitis,,,,,
11808057,568,,treats,,Prednisolone,,,,keratitis,,,,,
26194122,568,,related to,,Prednisolone,,,,synovitis,,,,,
10574410,568,,treats,,Prednisolone,,,,synovitis,,,,,
26227245,568,,prevents,,Prednisolone,,,,synovitis,,,,,
10736101,568,,related to,,Prednisolone,,,,Graves disease,,,,,
9538921,568,,treats,,Prednisolone,,,,Graves disease,,,,,
22194722,568,,related to,,Prednisolone,,,,pulmonary eosinophilia,,,,,
27042309,568,,affects,,Prednisolone,,,,pulmonary eosinophilia,,,,,
15104714,568,,treats,,Prednisolone,,,,pulmonary eosinophilia,,,,,
17143213,568,,related to,,Prednisolone,,,,temporal arteritis,,,,,
30355172,1300,,treats,,Sodium Chloride,,,,bone fracture,,,,,
30645957,767,,treats,,Diflunisal,,,,Pain,,,,,
30355232,1300,,treats,,Sodium Chloride,,,,Sepsis,,,,,
10949449,568,,related to,,Prednisolone,,,,polymyalgia rheumatica,,,,,
7900659,568,,treats,,Prednisolone,,,,polymyalgia rheumatica,,,,,
24291326,568,,treats,,Prednisolone,,,,Anti-neutrophil cytoplasmic antibody-associated vasculitis,,,,,
12510603,568,,related to,,Prednisolone,,,,membranous glomerulonephritis,,,,,
30372878,1768,,treats,,Ketorolac,,,,Miosis,,,,,
30355181,1300,,treats,,Sodium Chloride,,,,cardiac rhythm disease,,,,,
27055840,568,,causes,,Prednisolone,,,,glaucoma,,,,,
12496746,568,,related to,,Prednisolone,,,,neoplasm,,,,,
45040554,789,,treats,,Sodium heparin,,,,myocardial infarction,,,,,
13311736,568,,treats,,Prednisolone,,,,neoplasm,,,,,
26515767,568,,disrupts,,Prednisolone,,,,neoplasm,,,,,
16706850,568,,prevents,,Prednisolone,,,,neoplasm,,,,,
25753407,568,,predisposes,,Prednisolone,,,,neoplasm,,,,,
10496403,568,,related to,,Prednisolone,,,,Inflammation,,,,,
30376517,568,,treats,,Prednisolone,,,,colitis,,,,,
9848677,568,,treats,,Prednisolone,,,,Inflammation,,,,,
8854473,568,,disrupts,,Prednisolone,,,,Inflammation,,,,,
30644574,1860,,treats,,Leurocristine,,,,diffuse large B-cell lymphoma,,,,,
17230021,568,,causes,,Prednisolone,,,,Headache,,,,,
11166436,568,,affects,,Prednisolone,,,,Headache,,,,,
10671990,568,,treats,,Prednisolone,,,,Headache,,,,,
10757066,568,,treats,,Prednisolone,,,,atopic eczema,,,,,
30340353,1538,,treats,,Finasteride,,,,prostate cancer,,,,,
12949384,568,,affects,,Prednisolone,,,,hypereosinophilic syndrome,,,,,
8755027,568,,treats,,Prednisolone,,,,hypereosinophilic syndrome,,,,,
30375875,886,,treats,,Capsaicin,,,,stroke disorder,,,,,
19453072,568,,prevents,,Prednisolone,,,,hypereosinophilic syndrome,,,,,
21254689,568,,treats,,Prednisolone,,,,hypersensitivity pneumonitis,,,,,
8540122,568,,treats,,Prednisolone,,,,autoimmune hemolytic anemia,,,,,
27475554,568,,treats,,Prednisolone,,,,microscopic polyangiitis,,,,,
12428137,568,,related to,,Prednisolone,,,,croup,,,,,
17184322,568,,treats,,Prednisolone,,,,croup,,,,,
30346915,1580,,treats,,Pramipexole,,,,restless legs syndrome,,,,,
7800931,568,,treats,,Prednisolone,,,,autoimmune thrombocytopenic purpura,,,,,
30645606,630,,treats,,CID 49800004,,,,otitis externa,,,,,
22922261,568,,affects,,Prednisolone,,,,allergic bronchopulmonary aspergillosis,,,,,
13327146,568,,treats,,Prednisolone,,,,allergic bronchopulmonary aspergillosis,,,,,
9216084,568,,related to,,Prednisolone,,,,non-Hodgkin lymphoma,,,,,
7990669,568,,treats,,Prednisolone,,,,non-Hodgkin lymphoma,,,,,
11142916,568,,related to,,Prednisolone,,,,lupus nephritis,,,,,
8499057,568,,treats,,Prednisolone,,,,lupus nephritis,,,,,
11037266,568,,related to,,Prednisolone,,,,granulomatosis with polyangiitis,,,,,
7941298,568,,treats,,Prednisolone,,,,granulomatosis with polyangiitis,,,,,
16169223,568,,related to,,Prednisolone,,,,mucocutaneous lymph node syndrome,,,,,
11889996,568,,treats,,Prednisolone,,,,mucocutaneous lymph node syndrome,,,,,
10735679,568,,related to,,Prednisolone,,,,kidney disorder,,,,,
25953223,568,,causes,,Prednisolone,,,,kidney disorder,,,,,
10651502,568,,affects,,Prednisolone,,,,kidney disorder,,,,,
30359098,1829,,treats,,Nitric oxide,,,,Sepsis,,,,,
16371065,568,,related to,,Prednisolone,,,,celiac disease,,,,,
10513879,568,,treats,,Prednisolone,,,,celiac disease,,,,,
15441636,568,,treats,,Prednisolone,,,,lipoma,,,,,
12983495,568,,related to,,Prednisolone,,,,prostate cancer,,,,,
11373326,568,,treats,,Prednisolone,,,,prostate cancer,,,,,
30383695,1300,,treats,,Sodium Chloride,,,,pulmonary arterial hypertension,,,,,
15365269,568,,causes,,Prednisolone,,,,infertility disorder,,,,,
11497678,568,,treats,,Prednisolone,,,,infertility disorder,,,,,
13151963,568,,related to,,Prednisolone,,,,diffuse large B-cell lymphoma,,,,,
11988157,568,,treats,,Prednisolone,,,,diffuse large B-cell lymphoma,,,,,
26295217,568,,related to,,Prednisolone,,,,angioimmunoblastic T-cell lymphoma,,,,,
14012190,568,,treats,,Prednisolone,,,,angioimmunoblastic T-cell lymphoma,,,,,
10527508,568,,related to,,Prednisolone,,,,acute myeloid leukemia,,,,,
7866839,568,,treats,,Prednisolone,,,,acute myeloid leukemia,,,,,
14564343,568,,related to,,Prednisolone,,,,acute lymphoblastic leukemia,,,,,
26879702,568,,has part,,Prednisolone,,,,acute lymphoblastic leukemia,,,,,
30649989,1860,,treats,,Leurocristine,,,,plasma cell myeloma,,,,,
7985554,568,,treats,,Prednisolone,,,,acute lymphoblastic leukemia,,,,,
16852549,568,,treats,,Prednisolone,,,,mature T-cell and NK-cell non-Hodgkin lymphoma,,,,,
16983852,568,,related to,,Prednisolone,,,,Hodgkins lymphoma,,,,,
10020250,568,,treats,,Prednisolone,,,,Hodgkins lymphoma,,,,,
10687782,568,,related to,,Prednisolone,,,,hepatocellular carcinoma,,,,,
10509017,568,,treats,,Prednisolone,,,,hepatocellular carcinoma,,,,,
13151962,568,,related to,,Prednisolone,,,,follicular lymphoma,,,,,
13566191,568,,treats,,Prednisolone,,,,follicular lymphoma,,,,,
11179224,568,,related to,,Prednisolone,,,,alcoholic hepatitis,,,,,
8573433,568,,treats,,Prednisolone,,,,alcoholic hepatitis,,,,,
22580782,568,,treats,,Prednisolone,,,,interstitial lung disease 2,,,,,
13234063,568,,affects,,Prednisolone,,,,pericarditis,,,,,
15369817,568,,treats,,Prednisolone,,,,pericarditis,,,,,
7676165,568,,treats,,Prednisolone,,,,hypercalcemia disease,,,,,
9282196,568,,related to,,Prednisolone,,,,IgA glomerulonephritis,,,,,
7417999,568,,treats,,Prednisolone,,,,IgA glomerulonephritis,,,,,
8268574,568,,treats,,Prednisolone,,,,thrombocytopenia,,,,,
30340776,779,,treats,,Aspirin,,,,infertility disorder,,,,,
23496152,568,,related to,,Prednisolone,,,,subacute thyroiditis,,,,,
8865745,568,,treats,,Prednisolone,,,,subacute thyroiditis,,,,,
8819323,568,,treats,,Prednisolone,,,,meningeal tuberculosis,,,,,
12767794,568,,treats,,Prednisolone,,,,pneumonia,,,,,
25763558,568,,disrupts,,Prednisolone,,,,pneumonia,,,,,
16546227,568,,predisposes,,Prednisolone,,,,pneumonia,,,,,
11013570,568,,related to,,Prednisolone,,,,leukemia,,,,,
30351622,779,,treats,,Aspirin,,,,Hemorrhage,,,,,
10502737,568,,treats,,Prednisolone,,,,hemolytic anemia,,,,,
16960031,568,,related to,,Prednisolone,,,,psoriatic arthritis,,,,,
9109448,568,,treats,,Prednisolone,,,,psoriatic arthritis,,,,,
30649035,1540,,treats,,Celecoxib,,,,colorectal neoplasm,,,,,
22500116,568,,treats,,Prednisolone,,,,HIV infectious disease,,,,,
23374627,568,,treats,,Prednisolone,,,,trichinellosis,,,,,
13758030,568,,treats,,Prednisolone,,,,optic neuritis,,,,,
10503828,568,,related to,,Prednisolone,,,,seasonal allergic rhinitis,,,,,
16502712,568,,related to,,Prednisolone,,,,aplastic anemia,,,,,
14992803,568,,treats,,Prednisolone,,,,aplastic anemia,,,,,
10576837,568,,related to,,Prednisolone,,,,juvenile idiopathic arthritis,,,,,
20836940,568,,treats,,Prednisolone,,,,juvenile idiopathic arthritis,,,,,
19750187,568,,related to,,Prednisolone,,,,lymphoma,,,,,
11074135,568,,affects,,Prednisolone,,,,lymphoma,,,,,
9077262,568,,treats,,Prednisolone,,,,lymphoma,,,,,
16192798,568,,related to,,Prednisolone,,,,dermatomyositis,,,,,
24270725,568,,affects,,Prednisolone,,,,dermatomyositis,,,,,
9061500,568,,treats,,Prednisolone,,,,dermatomyositis,,,,,
11663099,568,,related to,,Prednisolone,,,,Crohn disease,,,,,
30362692,1300,,treats,,Sodium Chloride,,,,Nausea,,,,,
45055265,1860,,treats,,Leurocristine,,,,acute lymphoblastic leukemia,,,,,
10703266,568,,related to,,Prednisolone,,,,ulcerative colitis,,,,,
20789636,568,,causes,,Prednisolone,,,,ulcerative colitis,,,,,
10183156,568,,affects,,Prednisolone,,,,ulcerative colitis,,,,,
7586864,568,,treats,,Prednisolone,,,,ulcerative colitis,,,,,
18452194,568,,exacerbates,,Prednisolone,,,,ulcerative colitis,,,,,
7844202,568,,related to,,Prednisolone,,,,chronic obstructive pulmonary disease,,,,,
13029310,568,,affects,,Prednisolone,,,,chronic obstructive pulmonary disease,,,,,
8455402,568,,treats,,Prednisolone,,,,chronic obstructive pulmonary disease,,,,,
16360878,568,,treats,,Prednisolone,,,,ophthalmic herpes zoster,,,,,
10735861,568,,causes,,Prednisolone,,,,contact dermatitis,,,,,
26379811,568,,disrupts,,Prednisolone,,,,contact dermatitis,,,,,
10744705,568,,related to,,Prednisolone,,,,"dermatitis, atopic",,,,,
11527350,568,,treats,,Prednisolone,,,,"dermatitis, atopic",,,,,
9437304,568,,related to,,Prednisolone,,,,systemic lupus erythematosus,,,,,
8757881,568,,causes,,Prednisolone,,,,systemic lupus erythematosus,,,,,
7395227,568,,affects,,Prednisolone,,,,systemic lupus erythematosus,,,,,
7819165,568,,treats,,Prednisolone,,,,systemic lupus erythematosus,,,,,
16114172,568,,related to,,Prednisolone,,,,plasma cell myeloma,,,,,
26670577,568,,has part,,Prednisolone,,,,plasma cell myeloma,,,,,
11213963,568,,related to,,Prednisolone,,,,leprosy,,,,,
8583398,568,,treats,,Prednisolone,,,,leprosy,,,,,
10983909,568,,prevents,,Prednisolone,,,,leprosy,,,,,
7262473,568,,related to,,Prednisolone,,,,rheumatoid arthritis,,,,,
30363399,1903,,treats,,Esomeprazole,,,,gastric ulcer,,,,,
7158230,568,,treats,,Prednisolone,,,,rheumatoid arthritis,,,,,
10565620,568,,related to,,Prednisolone,,,,nephrotic syndrome,,,,,
16304261,568,,causes,,Prednisolone,,,,nephrotic syndrome,,,,,
7927983,568,,treats,,Prednisolone,,,,nephrotic syndrome,,,,,
30372622,1678,,treats,,Leuprorelin,,,,hypogonadism,,,,,
23981131,568,,treats,,Prednisolone,,,,mycosis fungoides,,,,,
11166361,568,,treats,,Prednisolone,,,,erythema multiforme,,,,,
10555139,568,,affects,,Prednisolone,,,,peptic ulcer disease,,,,,
10557390,568,,treats,,Prednisolone,,,,peptic ulcer disease,,,,,
25942811,568,,treats,,Prednisolone,,,,sympathetic ophthalmia,,,,,
7206314,568,,related to,,Prednisolone,,,,pulmonary tuberculosis,,,,,
10545904,568,,causes,,Prednisolone,,,,pulmonary tuberculosis,,,,,
8647269,568,,treats,,Prednisolone,,,,pulmonary tuberculosis,,,,,
11166363,568,,treats,,Prednisolone,,,,canker sore,,,,,
30646900,1868,,treats,,Diazoxide,,,,hyperinsulinism,,,,,
8856354,568,,related to,,Prednisolone,,,,Prednisone,,,,,
30353606,1417,,treats,,Sevoflurane,,,,Pain,,,,,
30351325,551,,treats,,Albendazole,,,,helminthiasis,,,,,
26415442,568,,derives from,,Prednisolone,,,,Prednisone,,,,,
14808035,568,,physically interacts with,,Prednisolone,,,,Prednisone,,,,,
9296682,568,,physically interacts with,,Prednisolone,,,,Prednisone,,,,,
30649726,1379,,treats,,Mitoxantrone,,,,leukemia,,,,,
21722189,568,,affects,,Prednisolone,,,,Prednisone,,,,,
9655099,568,,has input,,Prednisolone,,,,Prednisone,,,,,
14483328,569,,related to,,Hydrocortisone,,,,bronchopulmonary dysplasia,,,,,
8632826,569,,treats,,Hydrocortisone,,,,bronchopulmonary dysplasia,,,,,
14020540,569,,prevents,,Hydrocortisone,,,,bronchopulmonary dysplasia,,,,,
11888652,569,,related to,,Hydrocortisone,,,,congenital adrenal hyperplasia,,,,,
18446972,569,,causes,,Hydrocortisone,,,,congenital adrenal hyperplasia,,,,,
26997315,569,,affects,,Hydrocortisone,,,,congenital adrenal hyperplasia,,,,,
13999195,569,,affects,,Hydrocortisone,,,,congenital adrenal hyperplasia,,,,,
8061437,569,,treats,,Hydrocortisone,,,,congenital adrenal hyperplasia,,,,,
23738730,569,,produces,,Hydrocortisone,,,,congenital adrenal hyperplasia,,,,,
19793698,569,,related to,,Hydrocortisone,,,,alcohol abuse,,,,,
10522181,569,,related to,,Hydrocortisone,,,,osteoarthritis,,,,,
21274202,569,,affects,,Hydrocortisone,,,,osteoarthritis,,,,,
30342362,1506,,treats,,Methyldopa,,,,preeclampsia,,,,,
9235597,569,,related to,,Hydrocortisone,,,,type 1 diabetes mellitus,,,,,
9175521,569,,treats,,Hydrocortisone,,,,type 1 diabetes mellitus,,,,,
16473285,569,,produces,,Hydrocortisone,,,,type 1 diabetes mellitus,,,,,
8615164,569,,related to,,Hydrocortisone,,,,asthma,,,,,
13347553,569,,affects,,Hydrocortisone,,,,asthma,,,,,
30381740,1980,,treats,,Acetaminophen,,,,type 1 diabetes mellitus,,,,,
7363431,569,,treats,,Hydrocortisone,,,,asthma,,,,,
13669597,569,,produces,,Hydrocortisone,,,,asthma,,,,,
8552834,569,,predisposes,,Hydrocortisone,,,,asthma,,,,,
11089023,569,,related to,,Hydrocortisone,,,,pancreatitis,,,,,
30346592,1457,,treats,,Erythropoietin,,,,injury,,,,,
7432481,569,,treats,,Hydrocortisone,,,,pancreatitis,,,,,
13724762,569,,treats,,Hydrocortisone,,,,severe acute respiratory syndrome,,,,,
45059666,1505,,treats,,Dapagliflozin,,,,congestive heart failure,,,,,
9318796,569,,causes,,Hydrocortisone,,,,adrenocortical insufficiency,,,,,
9535781,569,,treats,,Hydrocortisone,,,,adrenocortical insufficiency,,,,,
13783969,569,,produces,,Hydrocortisone,,,,adrenocortical insufficiency,,,,,
27711985,569,,disrupts,,Hydrocortisone,,,,adrenocortical insufficiency,,,,,
16963888,569,,prevents,,Hydrocortisone,,,,adrenocortical insufficiency,,,,,
7573954,569,,related to,,Hydrocortisone,,,,neoplasm,,,,,
30360418,1652,,treats,,Furosemide,,,,nephrotic syndrome,,,,,
9610203,569,,affects,,Hydrocortisone,,,,neoplasm,,,,,
12524121,569,,treats,,Hydrocortisone,,,,neoplasm,,,,,
8077250,569,,produces,,Hydrocortisone,,,,neoplasm,,,,,
26389045,569,,disrupts,,Hydrocortisone,,,,neoplasm,,,,,
45053023,628,,treats,,Tetracycline,,,,enterocolitis,,,,,
30344072,1955,,treats,,UROKINASE,,,,pulmonary embolism,,,,,
7378370,569,,treats,,Hydrocortisone,,,,chronic primary adrenal insufficiency,,,,,
15330155,569,,produces,,Hydrocortisone,,,,chronic primary adrenal insufficiency,,,,,
7882717,569,,treats,,Hydrocortisone,,,,castration-resistant prostate carcinoma,,,,,
14360687,569,,related to,,Hydrocortisone,,,,dermatitis,,,,,
20336537,569,,affects,,Hydrocortisone,,,,dermatitis,,,,,
17499762,569,,treats,,Hydrocortisone,,,,dermatitis,,,,,
12576998,569,,related to,,Hydrocortisone,,,,Hypoxemia,,,,,
24030854,569,,related to,,Hydrocortisone,,,,Hypoxemia,,,,,
20591759,569,,causes,,Hydrocortisone,,,,Hypoxemia,,,,,
11695335,569,,affects,,Hydrocortisone,,,,Hypoxemia,,,,,
30340776,779,,treats,,Aspirin,,,,infertility disorder,,,,,
15602187,569,,treats,,Hydrocortisone,,,,Hypoxemia,,,,,
11989948,569,,produces,,Hydrocortisone,,,,Hypoxemia,,,,,
30347184,1845,,treats,,CHORIONIC GONADOTROPIN,,,,Pregnancy,,,,,
15155784,569,,related to,,Hydrocortisone,,,,psoriasis,,,,,
20701310,569,,affects,,Hydrocortisone,,,,psoriasis,,,,,
15325707,569,,treats,,Hydrocortisone,,,,psoriasis,,,,,
14450267,569,,related to,,Hydrocortisone,,,,adrenal cortex neoplasm,,,,,
30649058,1829,,treats,,Nitric oxide,,,,Hypoxemia,,,,,
16946872,569,,treats,,Hydrocortisone,,,,adrenal cortex neoplasm,,,,,
13796050,569,,produces,,Hydrocortisone,,,,adrenal cortex neoplasm,,,,,
10518203,569,,related to,,Hydrocortisone,,,,otitis externa,,,,,
9145908,569,,causes,,Hydrocortisone,,,,otitis externa,,,,,
45033357,1797,,treats,,Ciclesonide,,,,asthma,,,,,
25927636,569,,related to,,Hydrocortisone,,,,cardiac arrest,,,,,
26940919,569,,affects,,Hydrocortisone,,,,cardiac arrest,,,,,
19834754,569,,treats,,Hydrocortisone,,,,cardiac arrest,,,,,
11866289,569,,related to,,Hydrocortisone,,,,nicotine dependence,,,,,
30645269,1652,,treats,,Furosemide,,,,hypertensive disorder,,,,,
9850315,569,,causes,,Hydrocortisone,,,,dissociative amnesia,,,,,
7266667,569,,affects,,Hydrocortisone,,,,dissociative amnesia,,,,,
15753359,569,,treats,,Hydrocortisone,,,,dissociative amnesia,,,,,
8615556,569,,predisposes,,Hydrocortisone,,,,dissociative amnesia,,,,,
30381236,2119,,treats,,Vancomycin,,,,nosocomial infection,,,,,
30343321,1523,,treats,,Letrozole,,,,neoplasm,,,,,
19531872,569,,related to,,Hydrocortisone,,,,atrial fibrillation,,,,,
19531871,569,,affects,,Hydrocortisone,,,,atrial fibrillation,,,,,
13075196,569,,prevents,,Hydrocortisone,,,,atrial fibrillation,,,,,
25411585,569,,predisposes,,Hydrocortisone,,,,atrial fibrillation,,,,,
14891361,569,,related to,,Hydrocortisone,,,,"dermatitis, atopic",,,,,
13585273,569,,causes,,Hydrocortisone,,,,"dermatitis, atopic",,,,,
8540090,569,,treats,,Hydrocortisone,,,,"dermatitis, atopic",,,,,
20514012,569,,produces,,Hydrocortisone,,,,"dermatitis, atopic",,,,,
8778414,569,,related to,,Hydrocortisone,,,,Inflammation,,,,,
24445107,569,,related to,,Hydrocortisone,,,,Inflammation,,,,,
10068843,569,,causes,,Hydrocortisone,,,,Inflammation,,,,,
15925719,569,,affects,,Hydrocortisone,,,,Inflammation,,,,,
10431364,569,,affects,,Hydrocortisone,,,,Inflammation,,,,,
8776300,569,,treats,,Hydrocortisone,,,,Inflammation,,,,,
18924640,569,,produces,,Hydrocortisone,,,,Inflammation,,,,,
8865955,569,,disrupts,,Hydrocortisone,,,,Inflammation,,,,,
15550113,569,,prevents,,Hydrocortisone,,,,Inflammation,,,,,
11782928,569,,predisposes,,Hydrocortisone,,,,Inflammation,,,,,
9238280,569,,related to,,Hydrocortisone,,,,Sepsis,,,,,
27747115,569,,causes,,Hydrocortisone,,,,Sepsis,,,,,
24701128,569,,affects,,Hydrocortisone,,,,Sepsis,,,,,
8248241,569,,treats,,Hydrocortisone,,,,Sepsis,,,,,
12147996,569,,produces,,Hydrocortisone,,,,Sepsis,,,,,
17956690,569,,prevents,,Hydrocortisone,,,,Sepsis,,,,,
14643692,569,,exacerbates,,Hydrocortisone,,,,Sepsis,,,,,
19755964,569,,predisposes,,Hydrocortisone,,,,Sepsis,,,,,
30343847,1000,,treats,,Metoprolol,,,,hypertensive disorder,,,,,
8054429,569,,treats,,Hydrocortisone,,,,borderline personality disorder,,,,,
9718673,569,,related to,,Hydrocortisone,,,,atopic eczema,,,,,
27073884,569,,causes,,Hydrocortisone,,,,atopic eczema,,,,,
17910566,569,,affects,,Hydrocortisone,,,,atopic eczema,,,,,
30381224,1066,,treats,,Isotretinoin,,,,breast neoplasm,,,,,
18705900,569,,related to,,Hydrocortisone,,,,phobic disorder,,,,,
22345112,569,,treats,,Hydrocortisone,,,,oral submucous fibrosis,,,,,
15213238,569,,treats,,Hydrocortisone,,,,herpes labialis,,,,,
8570630,569,,related to,,Hydrocortisone,,,,fibromyalgia,,,,,
25383174,569,,causes,,Hydrocortisone,,,,fibromyalgia,,,,,
20137862,569,,affects,,Hydrocortisone,,,,fibromyalgia,,,,,
7402054,569,,treats,,Hydrocortisone,,,,fibromyalgia,,,,,
9492934,569,,related to,,Hydrocortisone,,,,opiate dependence,,,,,
25205462,569,,causes,,Hydrocortisone,,,,hypotensive disorder,,,,,
14533429,569,,affects,,Hydrocortisone,,,,hypotensive disorder,,,,,
13180935,569,,affects,,Hydrocortisone,,,,hypotensive disorder,,,,,
9459897,569,,treats,,Hydrocortisone,,,,hypotensive disorder,,,,,
12533519,569,,related to,,Hydrocortisone,,,,Insulin resistance,,,,,
8017438,569,,related to,,Hydrocortisone,,,,Insulin resistance,,,,,
7929803,569,,causes,,Hydrocortisone,,,,Insulin resistance,,,,,
14970164,569,,affects,,Hydrocortisone,,,,Insulin resistance,,,,,
7974249,569,,affects,,Hydrocortisone,,,,Insulin resistance,,,,,
13691671,569,,treats,,Hydrocortisone,,,,Insulin resistance,,,,,
14100936,569,,produces,,Hydrocortisone,,,,Insulin resistance,,,,,
12187318,569,,prevents,,Hydrocortisone,,,,Insulin resistance,,,,,
30376934,1478,,treats,,vitamin B12,,,,depressive disorder,,,,,
27027571,569,,related to,,Hydrocortisone,,,,HIV infectious disease,,,,,
10074536,569,,affects,,Hydrocortisone,,,,HIV infectious disease,,,,,
13951019,569,,treats,,Hydrocortisone,,,,HIV infectious disease,,,,,
27426083,569,,produces,,Hydrocortisone,,,,HIV infectious disease,,,,,
10280121,569,,treats,,Hydrocortisone,,,,melanoma,,,,,
26128287,569,,disrupts,,Hydrocortisone,,,,melanoma,,,,,
30340084,779,,treats,,Aspirin,,,,hypertensive disorder,,,,,
10518308,569,,treats,,Hydrocortisone,,,,ulcerative colitis,,,,,
11442939,569,,related to,,Hydrocortisone,,,,prostate cancer,,,,,
9665107,569,,treats,,Hydrocortisone,,,,prostate cancer,,,,,
8328567,569,,produces,,Hydrocortisone,,,,prostate cancer,,,,,
45028270,779,,treats,,Aspirin,,,,migraine disorder,,,,,
26840479,569,,affects,,Hydrocortisone,,,,myocardial infarction,,,,,
12881395,569,,treats,,Hydrocortisone,,,,myocardial infarction,,,,,
25797574,569,,related to,,Hydrocortisone,,,,lymphoma,,,,,
18495054,569,,affects,,Hydrocortisone,,,,lymphoma,,,,,
21368080,569,,treats,,Hydrocortisone,,,,lymphoma,,,,,
18495053,569,,affects,,Hydrocortisone,,,,leukemia,,,,,
23769275,569,,treats,,Hydrocortisone,,,,leukemia,,,,,
26428860,569,,disrupts,,Hydrocortisone,,,,leukemia,,,,,
13844584,569,,related to,,Hydrocortisone,,,,acute myeloid leukemia,,,,,
10480635,569,,treats,,Hydrocortisone,,,,atopic conjunctivitis,,,,,
11530989,569,,related to,,Hydrocortisone,,,,pneumonia,,,,,
19555227,569,,affects,,Hydrocortisone,,,,pneumonia,,,,,
9971730,569,,treats,,Hydrocortisone,,,,pneumonia,,,,,
11730055,569,,produces,,Hydrocortisone,,,,pneumonia,,,,,
21020907,569,,disrupts,,Hydrocortisone,,,,pneumonia,,,,,
15540854,569,,prevents,,Hydrocortisone,,,,pneumonia,,,,,
30648642,706,,treats,,Benzoyl Peroxide,,,,contact dermatitis,,,,,
7182905,569,,related to,,Hydrocortisone,,,,obesity disorder,,,,,
12645476,569,,causes,,Hydrocortisone,,,,obesity disorder,,,,,
11304252,569,,affects,,Hydrocortisone,,,,obesity disorder,,,,,
8017440,569,,affects,,Hydrocortisone,,,,obesity disorder,,,,,
30341662,1826,,treats,,Urofollitropin,,,,azoospermia,,,,,
13891079,569,,produces,,Hydrocortisone,,,,obesity disorder,,,,,
15895489,569,,disrupts,,Hydrocortisone,,,,obesity disorder,,,,,
19342068,569,,prevents,,Hydrocortisone,,,,obesity disorder,,,,,
8122784,569,,exacerbates,,Hydrocortisone,,,,obesity disorder,,,,,
30648950,1383,,treats,,Doxorubicin,,,,Cardiotoxicity,,,,,
14075841,569,,treats,,Hydrocortisone,,,,acute lymphoblastic leukemia,,,,,
14387016,569,,related to,,Hydrocortisone,,,,cirrhosis of liver,,,,,
14532907,569,,treats,,Hydrocortisone,,,,cirrhosis of liver,,,,,
24427531,569,,produces,,Hydrocortisone,,,,cirrhosis of liver,,,,,
8977987,569,,related to,,Hydrocortisone,,,,injury,,,,,
18240145,569,,causes,,Hydrocortisone,,,,injury,,,,,
14804311,569,,affects,,Hydrocortisone,,,,injury,,,,,
10523644,569,,affects,,Hydrocortisone,,,,injury,,,,,
11965490,569,,treats,,Hydrocortisone,,,,injury,,,,,
30644075,686,,treats,,Ampicillin,,,,bacterial urinary tract infection,,,,,
45058827,1430,,treats,,Aluminum hydroxide,,,,gastric ulcer,,,,,
13712588,569,,predisposes,,Hydrocortisone,,,,injury,,,,,
22282269,569,,treats,,Hydrocortisone,,,,Infection,,,,,
30370494,1894,,treats,,Omeprazole,,,,ulcer disease,,,,,
11029944,569,,treats,,Hydrocortisone,,,,eye disorder,,,,,
8763179,569,,related to,,Hydrocortisone,,,,toxic shock syndrome,,,,,
27747116,569,,causes,,Hydrocortisone,,,,toxic shock syndrome,,,,,
18310128,569,,affects,,Hydrocortisone,,,,toxic shock syndrome,,,,,
9872405,569,,affects,,Hydrocortisone,,,,toxic shock syndrome,,,,,
7996696,569,,treats,,Hydrocortisone,,,,toxic shock syndrome,,,,,
15760263,569,,produces,,Hydrocortisone,,,,toxic shock syndrome,,,,,
19245686,569,,prevents,,Hydrocortisone,,,,toxic shock syndrome,,,,,
12555774,569,,predisposes,,Hydrocortisone,,,,toxic shock syndrome,,,,,
10516843,569,,treats,,Hydrocortisone,,,,diffuse alopecia areata,,,,,
30370758,1300,,treats,,Sodium Chloride,,,,hyperinsulinism,,,,,
11547088,570,,treats,,Methylprednisolone,,,,thrombotic thrombocytopenic purpura,,,,,
30352387,1523,,treats,,Letrozole,,,,endometriosis,,,,,
9744990,570,,prevents,,Methylprednisolone,,,,ovarian hyperstimulation syndrome,,,,,
7668599,570,,related to,,Methylprednisolone,,,,multiple sclerosis,,,,,
9646753,570,,affects,,Methylprednisolone,,,,multiple sclerosis,,,,,
7668594,570,,treats,,Methylprednisolone,,,,multiple sclerosis,,,,,
14876749,570,,related to,,Methylprednisolone,,,,osteoarthritis,,,,,
30343846,1715,,treats,,Candesartan,,,,hypertensive disorder,,,,,
7443745,570,,related to,,Methylprednisolone,,,,asthma,,,,,
8596544,570,,affects,,Methylprednisolone,,,,asthma,,,,,
8761529,570,,treats,,Methylprednisolone,,,,asthma,,,,,
14967074,570,,prevents,,Methylprednisolone,,,,asthma,,,,,
13533673,570,,treats,,Methylprednisolone,,,,macrophage activation syndrome,,,,,
22495910,570,,related to,,Methylprednisolone,,,,myocarditis,,,,,
22495912,570,,treats,,Methylprednisolone,,,,myocarditis,,,,,
30362692,1300,,treats,,Sodium Chloride,,,,Nausea,,,,,
30358013,1678,,treats,,Leuprorelin,,,,neoplasm,,,,,
19962298,570,,treats,,Methylprednisolone,,,,Hodgkins lymphoma,,,,,
8227578,570,,treats,,Methylprednisolone,,,,mucocutaneous lymph node syndrome,,,,,
24273559,570,,treats,,Methylprednisolone,,,,Abdominal pain,,,,,
18266414,570,,prevents,,Methylprednisolone,,,,Abdominal pain,,,,,
13679356,570,,treats,,Methylprednisolone,,,,hemophagocytic syndrome,,,,,
25845844,570,,related to,,Methylprednisolone,,,,breast neoplasm,,,,,
15407991,570,,treats,,Methylprednisolone,,,,radiculopathy,,,,,
17649050,570,,affects,,Methylprednisolone,,,,optic nerve disorder,,,,,
13096165,570,,treats,,Methylprednisolone,,,,optic nerve disorder,,,,,
23116362,570,,treats,,Methylprednisolone,,,,pneumocystosis,,,,,
7827490,570,,treats,,Methylprednisolone,,,,optic neuritis,,,,,
30368010,2016,,treats,,Ethanol,,,,alcohol abuse,,,,,
19340184,570,,related to,,Methylprednisolone,,,,chronic obstructive pulmonary disease,,,,,
9346353,570,,affects,,Methylprednisolone,,,,chronic obstructive pulmonary disease,,,,,
13619118,570,,treats,,Methylprednisolone,,,,chronic obstructive pulmonary disease,,,,,
14166179,570,,related to,,Methylprednisolone,,,,cardiac arrest,,,,,
23772707,570,,treats,,Methylprednisolone,,,,cardiac arrest,,,,,
15072844,570,,related to,,Methylprednisolone,,,,Edema,,,,,
24161886,570,,causes,,Methylprednisolone,,,,Edema,,,,,
30383695,1300,,treats,,Sodium Chloride,,,,pulmonary arterial hypertension,,,,,
30643177,1478,,treats,,vitamin B12,,,,vitamin B12 deficiency,,,,,
19744632,570,,disrupts,,Methylprednisolone,,,,Edema,,,,,
30353725,921,,treats,,Zoledronic acid,,,,hepatocellular carcinoma,,,,,
7944646,570,,related to,,Methylprednisolone,,,,myasthenia gravis,,,,,
16634377,570,,affects,,Methylprednisolone,,,,myasthenia gravis,,,,,
30381742,1980,,treats,,Acetaminophen,,,,osteoarthritis,,,,,
10221573,570,,treats,,Methylprednisolone,,,,myeloproliferative neoplasm,,,,,
22175056,570,,related to,,Methylprednisolone,,,,myopathy,,,,,
8525599,570,,causes,,Methylprednisolone,,,,myopathy,,,,,
25366540,570,,treats,,Methylprednisolone,,,,myopathy,,,,,
20879022,570,,related to,,Methylprednisolone,,,,Pain,,,,,
15906641,570,,causes,,Methylprednisolone,,,,Pain,,,,,
15906642,570,,affects,,Methylprednisolone,,,,Pain,,,,,
10845505,570,,affects,,Methylprednisolone,,,,Pain,,,,,
8018847,570,,treats,,Methylprednisolone,,,,Pain,,,,,
11106658,570,,disrupts,,Methylprednisolone,,,,Pain,,,,,
8345063,570,,prevents,,Methylprednisolone,,,,Pain,,,,,
30368757,1383,,treats,,Doxorubicin,,,,B-cell neoplasm,,,,,
14278238,570,,related to,,Methylprednisolone,,,,"dermatitis, atopic",,,,,
10049014,570,,treats,,Methylprednisolone,,,,"dermatitis, atopic",,,,,
17333962,570,,related to,,Methylprednisolone,,,,Inflammation,,,,,
18534953,570,,causes,,Methylprednisolone,,,,Inflammation,,,,,
24420470,570,,affects,,Methylprednisolone,,,,Inflammation,,,,,
30341844,568,,treats,,Prednisolone,,,,systemic lupus erythematosus,,,,,
7552935,570,,treats,,Methylprednisolone,,,,Inflammation,,,,,
30368410,839,,treats,,ATROPINE,,,,digestive system disorder,,,,,
9645180,570,,predisposes,,Methylprednisolone,,,,Inflammation,,,,,
30351417,1980,,treats,,Acetaminophen,,,,Postoperative Nausea and Vomiting,,,,,
10048898,570,,affects,,Methylprednisolone,,,,ulcerative colitis,,,,,
8503951,570,,treats,,Methylprednisolone,,,,ulcerative colitis,,,,,
23573980,570,,related to,,Methylprednisolone,,,,pneumonia,,,,,
17307095,570,,causes,,Methylprednisolone,,,,pneumonia,,,,,
8291810,570,,treats,,Methylprednisolone,,,,pneumonia,,,,,
30348579,1939,,treats,,Melatonin,,,,anxiety,,,,,
14399082,570,,related to,,Methylprednisolone,,,,aplastic anemia,,,,,
30376926,1500,,treats,,Empagliflozin,,,,myocardial infarction,,,,,
13166073,570,,causes,,Methylprednisolone,,,,thrombocytopenia,,,,,
8083160,570,,treats,,Methylprednisolone,,,,thrombocytopenia,,,,,
18407557,570,,disrupts,,Methylprednisolone,,,,thrombocytopenia,,,,,
30360429,1478,,treats,,vitamin B12,,,,osteoporosis,,,,,
11819955,570,,affects,,Methylprednisolone,,,,spinal cord injury,,,,,
7980138,570,,prevents,,Methylprednisolone,,,,spinal cord injury,,,,,
24691450,570,,related to,,Methylprednisolone,,,,plantar fasciitis,,,,,
18276332,570,,treats,,Methylprednisolone,,,,plantar fasciitis,,,,,
10812685,570,,related to,,Methylprednisolone,,,,immunoglobulin a vasculitis,,,,,
9980473,570,,treats,,Methylprednisolone,,,,immunoglobulin a vasculitis,,,,,
12672767,570,,causes,,Methylprednisolone,,,,drug-induced liver injury,,,,,
19674675,570,,treats,,Methylprednisolone,,,,microscopic polyangiitis,,,,,
10130342,570,,related to,,Methylprednisolone,,,,adult acute respiratory distress syndrome,,,,,
30378561,2016,,treats,,Ethanol,,,,burn,,,,,
7483648,570,,treats,,Methylprednisolone,,,,adult acute respiratory distress syndrome,,,,,
17478785,570,,treats,,Methylprednisolone,,,,nasal cavity polyp,,,,,
30340397,554,,treats,,Ibuprofen,,,,Fever,,,,,
11313619,570,,treats,,Methylprednisolone,,,,vestibular neuronitis,,,,,
8588816,570,,treats,,Methylprednisolone,,,,Bell's palsy,,,,,
24759961,570,,related to,,Methylprednisolone,,,,non-Hodgkin lymphoma,,,,,
25734987,570,,treats,,Methylprednisolone,,,,non-Hodgkin lymphoma,,,,,
10558884,570,,related to,,Methylprednisolone,,,,lupus nephritis,,,,,
24973247,570,,causes,,Methylprednisolone,,,,lupus nephritis,,,,,
9720542,570,,treats,,Methylprednisolone,,,,lupus nephritis,,,,,
8063034,570,,treats,,Methylprednisolone,,,,granulomatosis with polyangiitis,,,,,
20290784,570,,related to,,Methylprednisolone,,,,membranous glomerulonephritis,,,,,
14232595,570,,treats,,Methylprednisolone,,,,membranous glomerulonephritis,,,,,
14398237,570,,related to,,Methylprednisolone,,,,IgA glomerulonephritis,,,,,
14398238,570,,treats,,Methylprednisolone,,,,IgA glomerulonephritis,,,,,
25642231,570,,treats,,Methylprednisolone,,,,heart disorder,,,,,
9003326,570,,related to,,Methylprednisolone,,,,systemic sclerosis,,,,,
20530617,570,,affects,,Methylprednisolone,,,,systemic sclerosis,,,,,
13161419,570,,treats,,Methylprednisolone,,,,systemic sclerosis,,,,,
8447481,570,,related to,,Methylprednisolone,,,,rheumatoid arthritis,,,,,
15610554,570,,affects,,Methylprednisolone,,,,rheumatoid arthritis,,,,,
7853881,570,,treats,,Methylprednisolone,,,,rheumatoid arthritis,,,,,
20014108,570,,prevents,,Methylprednisolone,,,,rheumatoid arthritis,,,,,
26450412,570,,treats,,Methylprednisolone,,,,leukemia,,,,,
25642837,570,,related to,,Methylprednisolone,,,,dermatomyositis,,,,,
18008318,570,,treats,,Methylprednisolone,,,,dermatomyositis,,,,,
14027935,570,,treats,,Methylprednisolone,,,,diffuse large B-cell lymphoma,,,,,
27228384,570,,related to,,Methylprednisolone,,,,Crohn disease,,,,,
10634179,570,,treats,,Methylprednisolone,,,,Crohn disease,,,,,
18260665,570,,causes,,Methylprednisolone,,,,neoplasm,,,,,
27357949,570,,affects,,Methylprednisolone,,,,neoplasm,,,,,
14636779,570,,treats,,Methylprednisolone,,,,neoplasm,,,,,
26279366,570,,treats,,Methylprednisolone,,,,angioimmunoblastic T-cell lymphoma,,,,,
12183687,570,,related to,,Methylprednisolone,,,,acute lymphoblastic leukemia,,,,,
10136260,570,,treats,,Methylprednisolone,,,,acute lymphoblastic leukemia,,,,,
12975348,570,,treats,,Methylprednisolone,,,,mature T-cell and NK-cell non-Hodgkin lymphoma,,,,,
7432980,570,,treats,,Methylprednisolone,,,,myelodysplastic syndrome,,,,,
26513818,570,,related to,,Methylprednisolone,,,,B-cell chronic lymphocytic leukemia,,,,,
30644476,2119,,treats,,Vancomycin,,,,Clostridium difficile colitis,,,,,
19534575,570,,treats,,Methylprednisolone,,,,anterior ischemic optic neuropathy,,,,,
45033357,1797,,treats,,Ciclesonide,,,,asthma,,,,,
8095661,570,,treats,,Methylprednisolone,,,,carpal tunnel syndrome,,,,,
24559507,570,,related to,,Methylprednisolone,,,,respiratory system disorder,,,,,
23209303,570,,treats,,Methylprednisolone,,,,respiratory system disorder,,,,,
12755316,570,,related to,,Methylprednisolone,,,,plasma cell myeloma,,,,,
11895116,570,,treats,,Methylprednisolone,,,,plasma cell myeloma,,,,,
17288506,570,,related to,,Methylprednisolone,,,,autoimmune thrombocytopenic purpura,,,,,
7808987,570,,treats,,Methylprednisolone,,,,autoimmune thrombocytopenic purpura,,,,,
20286711,570,,related to,,Methylprednisolone,,,,neuromyelitis optica,,,,,
16277488,570,,affects,,Methylprednisolone,,,,neuromyelitis optica,,,,,
30350137,1261,,treats,,Nitroglycerin,,,,injury,,,,,
14891106,570,,affects,,Methylprednisolone,,,,kidney disorder,,,,,
8464737,570,,treats,,Methylprednisolone,,,,kidney disorder,,,,,
26974005,570,,related to,,Methylprednisolone,,,,hematopoietic and lymphoid system neoplasm,,,,,
15936572,570,,related to,,Methylprednisolone,,,,endocrine exophthalmos,,,,,
30360418,1652,,treats,,Furosemide,,,,nephrotic syndrome,,,,,
24586108,570,,related to,,Methylprednisolone,,,,alcoholic hepatitis,,,,,
26339812,570,,treats,,Methylprednisolone,,,,alcoholic hepatitis,,,,,
30342356,1523,,treats,,Letrozole,,,,polycystic ovary syndrome,,,,,
30362374,2193,,treats,,Calcitriol,,,,hypoparathyroidism,,,,,
8330909,570,,affects,,Methylprednisolone,,,,systemic lupus erythematosus,,,,,
8330903,570,,treats,,Methylprednisolone,,,,systemic lupus erythematosus,,,,,
11882768,570,,treats,,Methylprednisolone,,,,Cognitive impairment,,,,,
23934495,570,,prevents,,Methylprednisolone,,,,Cognitive impairment,,,,,
30355168,1300,,treats,,Sodium Chloride,,,,heart disorder,,,,,
7905007,570,,treats,,Methylprednisolone,,,,chronic progressive multiple sclerosis,,,,,
26050805,570,,related to,,Methylprednisolone,,,,ankylosing spondylitis,,,,,
25738014,570,,treats,,Methylprednisolone,,,,ankylosing spondylitis,,,,,
18938435,570,,related to,,Methylprednisolone,,,,graft versus host disease,,,,,
15186368,570,,affects,,Methylprednisolone,,,,graft versus host disease,,,,,
10289517,570,,treats,,Methylprednisolone,,,,graft versus host disease,,,,,
8291272,570,,prevents,,Methylprednisolone,,,,graft versus host disease,,,,,
30362734,1300,,treats,,Sodium Chloride,,,,Chronic pain,,,,,
14690661,570,,treats,,Methylprednisolone,,,,Meniere disease,,,,,
24475300,576,,affects,,Cefotaxime,,,,bacterial infectious disease,,,,,
8153267,576,,treats,,Cefotaxime,,,,bacterial infectious disease,,,,,
18672205,576,,affects,,Cefotaxime,,,,peritonitis,,,,,
15119078,576,,treats,,Cefotaxime,,,,peritonitis,,,,,
12905337,576,,related to,,Cefotaxime,,,,Sepsis,,,,,
23922029,576,,affects,,Cefotaxime,,,,Sepsis,,,,,
11176033,576,,treats,,Cefotaxime,,,,Sepsis,,,,,
15853591,576,,prevents,,Cefotaxime,,,,Sepsis,,,,,
16097513,576,,treats,,Cefotaxime,,,,osteomyelitis,,,,,
19081412,578,,prevents,,Ceftriaxone,,,,bacterial infectious disease,,,,,
26980543,578,,treats,,Ceftriaxone,,,,Lyme disease,,,,,
26401802,578,,treats,,Ceftriaxone,,,,Sepsis,,,,,
18413392,578,,treats,,Ceftriaxone,,,,bacterial pneumonia,,,,,
25827448,589,,related to,,Gefarnate,,,,gastric ulcer,,,,,
25810060,589,,treats,,Gefarnate,,,,gastric ulcer,,,,,
25993651,589,,disrupts,,Gefarnate,,,,gastric ulcer,,,,,
30342043,1829,,treats,,Nitric oxide,,,,malaria,,,,,
25784688,589,,treats,,Gefarnate,,,,duodenal ulcer,,,,,
19702373,589,,treats,,Gefarnate,,,,peptic ulcer disease,,,,,
22023951,590,,treats,,Regadenoson,,,,coronary artery disorder,,,,,
13297277,593,,treats,,Meldonium,,,,Ischemic stroke,,,,,
10690423,603,,related to,,Neobiotic,,,,burn,,,,,
24669492,603,,disrupts,,Neobiotic,,,,bacterial infectious disease,,,,,
26428369,603,,prevents,,Neobiotic,,,,bacterial infectious disease,,,,,
25624167,603,,treats,,Neobiotic,,,,pneumonia,,,,,
11022701,603,,treats,,Neobiotic,,,,bacterial infectious disease with sepsis,,,,,
20263460,603,,affects,,Neobiotic,,,,neoplasm,,,,,
17119153,603,,disrupts,,Neobiotic,,,,neoplasm,,,,,
17758516,603,,related to,,Neobiotic,,,,Inflammation,,,,,
19744068,603,,affects,,Neobiotic,,,,Inflammation,,,,,
21720587,612,,treats,,BLINATUMOMAB,,,,lymphoma,,,,,
22474123,612,,related to,,BLINATUMOMAB,,,,hematopoietic and lymphoid system neoplasm,,,,,
30344516,1541,,treats,,Rofecoxib,,,,Pain,,,,,
21947892,612,,related to,,BLINATUMOMAB,,,,acute lymphoblastic leukemia,,,,,
21932754,612,,treats,,BLINATUMOMAB,,,,acute lymphoblastic leukemia,,,,,
25579460,612,,related to,,BLINATUMOMAB,,,,Precursor B-Cell Lymphoblastic Leukemia-Lymphoma,,,,,
23073290,612,,treats,,BLINATUMOMAB,,,,Precursor B-Cell Lymphoblastic Leukemia-Lymphoma,,,,,
19572117,616,,related to,,Ciprofloxacin,,,,DNA Gyrase,,,,,
17007621,616,,coexists with,,Ciprofloxacin,,,,DNA Gyrase,,,,,
12385742,616,,coexists with,,Ciprofloxacin,,,,DNA Gyrase,,,,,
45032043,1362,,treats,,Cefazolin,,,,bacterial infectious disease with sepsis,,,,,
9387116,616,,physically interacts with,,Ciprofloxacin,,,,DNA Gyrase,,,,,
18400322,616,,affects,,Ciprofloxacin,,,,DNA Gyrase,,,,,
7781719,616,,affects,,Ciprofloxacin,,,,DNA Gyrase,,,,,
19572117,616,,related to,,Ciprofloxacin,,,,DNA Gyrase,,,,,
17007621,616,,coexists with,,Ciprofloxacin,,,,DNA Gyrase,,,,,
12385742,616,,coexists with,,Ciprofloxacin,,,,DNA Gyrase,,,,,
8212496,616,,physically interacts with,,Ciprofloxacin,,,,DNA Gyrase,,,,,
9387116,616,,physically interacts with,,Ciprofloxacin,,,,DNA Gyrase,,,,,
18400322,616,,affects,,Ciprofloxacin,,,,DNA Gyrase,,,,,
7781719,616,,affects,,Ciprofloxacin,,,,DNA Gyrase,,,,,
30361410,1980,,treats,,Acetaminophen,,,,Pruritus,,,,,
11628762,616,,treats,,Ciprofloxacin,,,,endophthalmitis,,,,,
12292532,616,,prevents,,Ciprofloxacin,,,,endophthalmitis,,,,,
8956825,616,,affects,,Ciprofloxacin,,,,cystic fibrosis,,,,,
7798648,616,,treats,,Ciprofloxacin,,,,cystic fibrosis,,,,,
11840711,616,,treats,,Ciprofloxacin,,,,cataract,,,,,
22484062,616,,treats,,Ciprofloxacin,,,,amyotrophic lateral sclerosis,,,,,
14284683,616,,treats,,Ciprofloxacin,,,,gastroenteritis,,,,,
8337570,616,,treats,,Ciprofloxacin,,,,bacterial infectious disease with sepsis,,,,,
10323767,616,,disrupts,,Ciprofloxacin,,,,bacterial infectious disease with sepsis,,,,,
30369697,1417,,treats,,Sevoflurane,,,,brain injury,,,,,
15459841,616,,predisposes,,Ciprofloxacin,,,,bacterial infectious disease with sepsis,,,,,
14398199,616,,treats,,Ciprofloxacin,,,,sinusitis,,,,,
11440816,616,,affects,,Ciprofloxacin,,,,typhoid fever,,,,,
7423320,616,,treats,,Ciprofloxacin,,,,typhoid fever,,,,,
45041161,569,,treats,,Hydrocortisone,,,,acute adrenal insufficiency,,,,,
24010235,616,,treats,,Ciprofloxacin,,,,chronic bronchitis,,,,,
8758764,616,,predisposes,,Ciprofloxacin,,,,gonorrhea,,,,,
10013051,616,,treats,,Ciprofloxacin,,,,plague,,,,,
14202377,616,,prevents,,Ciprofloxacin,,,,plague,,,,,
17154464,616,,causes,,Ciprofloxacin,,,,prostatitis,,,,,
9281470,616,,treats,,Ciprofloxacin,,,,prostatitis,,,,,
25648466,616,,causes,,Ciprofloxacin,,,,abscess,,,,,
30347599,886,,treats,,Capsaicin,,,,Pruritus,,,,,
14141218,616,,treats,,Ciprofloxacin,,,,castration-resistant prostate carcinoma,,,,,
14369807,616,,causes,,Ciprofloxacin,,,,neutropenia,,,,,
8194797,616,,treats,,Ciprofloxacin,,,,neutropenia,,,,,
9504629,616,,treats,,Ciprofloxacin,,,,Sepsis,,,,,
15438014,616,,prevents,,Ciprofloxacin,,,,Sepsis,,,,,
30353247,774,,treats,,Salsalate,,,,Insulin resistance,,,,,
16563368,616,,affects,,Ciprofloxacin,,,,Fever,,,,,
8669720,616,,affects,,Ciprofloxacin,,,,Fever,,,,,
8088120,616,,treats,,Ciprofloxacin,,,,Fever,,,,,
26984478,616,,disrupts,,Ciprofloxacin,,,,Fever,,,,,
11267024,616,,affects,,Ciprofloxacin,,,,eye infectious disorder,,,,,
11304087,616,,treats,,Ciprofloxacin,,,,eye infectious disorder,,,,,
30340302,1457,,treats,,Erythropoietin,,,,myocardial infarction,,,,,
27242944,616,,prevents,,Ciprofloxacin,,,,pyelonephritis,,,,,
10672042,616,,affects,,Ciprofloxacin,,,,Abdominal Infection,,,,,
8956827,616,,treats,,Ciprofloxacin,,,,Abdominal Infection,,,,,
9552171,616,,treats,,Ciprofloxacin,,,,otitis externa,,,,,
24716241,616,,causes,,Ciprofloxacin,,,,peritonitis,,,,,
8190776,616,,treats,,Ciprofloxacin,,,,peritonitis,,,,,
10087799,616,,treats,,Ciprofloxacin,,,,bacterial infectious disease,,,,,
9947057,616,,prevents,,Ciprofloxacin,,,,bacterial infectious disease,,,,,
11684450,616,,treats,,Ciprofloxacin,,,,cystitis,,,,,
8754779,616,,treats,,Ciprofloxacin,,,,rhinoscleroma,,,,,
45049616,568,,treats,,Prednisolone,,,,systemic lupus erythematosus,,,,,
13846017,616,,treats,,Ciprofloxacin,,,,lung disorder,,,,,
13950319,616,,causes,,Ciprofloxacin,,,,pneumonia,,,,,
30382356,1619,,treats,,Folic Acid,,,,Alzheimer disease,,,,,
30360972,1893,,treats,,Lansoprazole,,,,gastric ulcer,,,,,
26466958,616,,disrupts,,Ciprofloxacin,,,,pneumonia,,,,,
8364719,616,,prevents,,Ciprofloxacin,,,,pneumonia,,,,,
30344626,797,,treats,,Rifaximin,,,,diarrheal disease,,,,,
16125923,616,,affects,,Ciprofloxacin,,,,osteomyelitis,,,,,
7880629,616,,treats,,Ciprofloxacin,,,,osteomyelitis,,,,,
8956826,616,,affects,,Ciprofloxacin,,,,Pseudomonas infection,,,,,
11679354,616,,treats,,Ciprofloxacin,,,,Pseudomonas infection,,,,,
20040173,616,,treats,,Ciprofloxacin,,,,lymphoma,,,,,
14005051,616,,treats,,Ciprofloxacin,,,,acute myeloid leukemia,,,,,
19067853,616,,treats,,Ciprofloxacin,,,,B-cell chronic lymphocytic leukemia,,,,,
30648617,619,,treats,,DINUTUXIMAB,,,,neuroblastoma,,,,,
21996198,616,,affects,,Ciprofloxacin,,,,infectious disease,,,,,
9122989,616,,affects,,Ciprofloxacin,,,,infectious disease,,,,,
7228759,616,,treats,,Ciprofloxacin,,,,infectious disease,,,,,
18480207,616,,disrupts,,Ciprofloxacin,,,,infectious disease,,,,,
8054296,616,,prevents,,Ciprofloxacin,,,,infectious disease,,,,,
18366035,616,,predisposes,,Ciprofloxacin,,,,infectious disease,,,,,
13663890,616,,treats,,Ciprofloxacin,,,,otitis media,,,,,
16836665,616,,related to,,Ciprofloxacin,,,,Crohn disease,,,,,
12942741,616,,affects,,Ciprofloxacin,,,,Crohn disease,,,,,
7163480,616,,treats,,Ciprofloxacin,,,,Crohn disease,,,,,
30343558,1822,,treats,,Etoposide,,,,neoplasm,,,,,
11564697,616,,treats,,Ciprofloxacin,,,,chronic obstructive pulmonary disease,,,,,
30375773,2195,,treats,,Cholecalciferol,,,,depressive disorder,,,,,
9704134,616,,treats,,Ciprofloxacin,,,,bronchiectasis,,,,,
7544699,616,,treats,,Ciprofloxacin,,,,diarrheal disease,,,,,
16138544,616,,prevents,,Ciprofloxacin,,,,diarrheal disease,,,,,
21488232,616,,treats,,Ciprofloxacin,,,,Infection,,,,,
45049305,710,,treats,,Pirenzepine,,,,peptic ulcer disease,,,,,
10002223,616,,treats,,Ciprofloxacin,,,,anthrax infection,,,,,
7351604,617,,treats,,Chloramphenicol,,,,eye infectious disorder,,,,,
21241586,617,,prevents,,Chloramphenicol,,,,eye infectious disorder,,,,,
15493028,617,,disrupts,,Chloramphenicol,,,,acne,,,,,
10607698,617,,treats,,Chloramphenicol,,,,bacterial infectious disease,,,,,
9528501,617,,treats,,Chloramphenicol,,,,osteomyelitis,,,,,
16722213,618,,causes,,Rebamipide,,,,osteoarthritis,,,,,
19949890,618,,treats,,Rebamipide,,,,osteoarthritis,,,,,
10125846,618,,affects,,Rebamipide,,,,gastric ulcer,,,,,
10368387,618,,treats,,Rebamipide,,,,gastric ulcer,,,,,
10452606,618,,prevents,,Rebamipide,,,,gastric ulcer,,,,,
24500158,618,,treats,,Rebamipide,,,,gastroesophageal reflux disease,,,,,
8102739,618,,treats,,Rebamipide,,,,gastritis,,,,,
30343321,1523,,treats,,Letrozole,,,,neoplasm,,,,,
13727344,618,,prevents,,Rebamipide,,,,gastritis,,,,,
27679650,618,,affects,,Rebamipide,,,,peptic ulcer disease,,,,,
12062800,618,,treats,,Rebamipide,,,,peptic ulcer disease,,,,,
20953135,618,,prevents,,Rebamipide,,,,peptic ulcer disease,,,,,
13211904,618,,treats,,Rebamipide,,,,ulcerative colitis,,,,,
19364844,618,,treats,,Rebamipide,,,,dry eye syndrome,,,,,
27610972,619,,treats,,DINUTUXIMAB,,,,bone osteosarcoma,,,,,
23020953,619,,related to,,DINUTUXIMAB,,,,neoplasm,,,,,
21740095,619,,treats,,DINUTUXIMAB,,,,neoplasm,,,,,
12385638,619,,related to,,DINUTUXIMAB,,,,neuroblastoma,,,,,
30650155,1619,,treats,,Folic Acid,,,,colorectal carcinoma,,,,,
9445080,619,,treats,,DINUTUXIMAB,,,,neuroblastoma,,,,,
21569598,622,,treats,,BRENTUXIMAB VEDOTIN,,,,adult T-cell leukemia/lymphoma,,,,,
21657994,622,,related to,,BRENTUXIMAB VEDOTIN,,,,mature T-cell and NK-cell non-Hodgkin lymphoma,,,,,
22071488,622,,has part,,BRENTUXIMAB VEDOTIN,,,,mature T-cell and NK-cell non-Hodgkin lymphoma,,,,,
21657991,622,,treats,,BRENTUXIMAB VEDOTIN,,,,mature T-cell and NK-cell non-Hodgkin lymphoma,,,,,
23730531,622,,related to,,BRENTUXIMAB VEDOTIN,,,,mycosis fungoides,,,,,
21472937,622,,treats,,BRENTUXIMAB VEDOTIN,,,,mycosis fungoides,,,,,
23929422,622,,related to,,BRENTUXIMAB VEDOTIN,,,,anaplastic large cell lymphoma,,,,,
22808973,622,,treats,,BRENTUXIMAB VEDOTIN,,,,anaplastic large cell lymphoma,,,,,
22284390,622,,treats,,BRENTUXIMAB VEDOTIN,,,,neoplasm,,,,,
30355168,1300,,treats,,Sodium Chloride,,,,heart disorder,,,,,
23435913,622,,affects,,BRENTUXIMAB VEDOTIN,,,,lymphoma,,,,,
30342844,568,,treats,,Prednisolone,,,,contact dermatitis,,,,,
30340803,2167,,treats,,Bivalirudin,,,,myocardial infarction,,,,,
45032669,617,,treats,,Chloramphenicol,,,,typhoid fever,,,,,
30362717,1300,,treats,,Sodium Chloride,,,,multiple organ dysfunction syndrome,,,,,
21657993,622,,related to,,BRENTUXIMAB VEDOTIN,,,,primary cutaneous T-cell non-Hodgkin lymphoma,,,,,
21657990,622,,treats,,BRENTUXIMAB VEDOTIN,,,,primary cutaneous T-cell non-Hodgkin lymphoma,,,,,
23653011,622,,related to,,BRENTUXIMAB VEDOTIN,,,,diffuse large B-cell lymphoma,,,,,
45044752,570,,treats,,Methylprednisolone,,,,adrenocortical insufficiency,,,,,
10847016,628,,prevents,,Tetracycline,,,,inclusion conjunctivitis,,,,,
30357999,2086,,treats,,Labetalol,,,,hypertensive disorder,,,,,
19472933,628,,causes,,Tetracycline,,,,Helicobacter pylori infectious disease,,,,,
7227539,628,,treats,,Tetracycline,,,,Helicobacter pylori infectious disease,,,,,
10596737,628,,treats,,Tetracycline,,,,osteomyelitis,,,,,
30643640,1213,,treats,,Clemastine,,,,urticaria,,,,,
10513439,628,,treats,,Tetracycline,,,,bacterial infectious disease,,,,,
24565223,628,,prevents,,Tetracycline,,,,bacterial infectious disease,,,,,
20170701,628,,causes,,Tetracycline,,,,periodontitis,,,,,
18080767,628,,affects,,Tetracycline,,,,periodontitis,,,,,
30370500,1179,,treats,,Moxisylyte,,,,erectile dysfunction,,,,,
22346012,628,,treats,,Tetracycline,,,,Infection,,,,,
11754791,629,,related to,,(Alginate)n,,,,cystic fibrosis,,,,,
27435796,629,,affects,,(Alginate)n,,,,cystic fibrosis,,,,,
22788639,629,,treats,,(Alginate)n,,,,Pain,,,,,
10599430,629,,related to,,(Alginate)n,,,,obesity disorder,,,,,
23415127,629,,affects,,(Alginate)n,,,,obesity disorder,,,,,
23508922,629,,predisposes,,(Alginate)n,,,,obesity disorder,,,,,
12376615,629,,related to,,(Alginate)n,,,,gastroesophageal reflux disease,,,,,
27132270,629,,affects,,(Alginate)n,,,,gastroesophageal reflux disease,,,,,
19854419,629,,affects,,(Alginate)n,,,,gastroesophageal reflux disease,,,,,
11016107,629,,treats,,(Alginate)n,,,,gastroesophageal reflux disease,,,,,
8246131,629,,disrupts,,(Alginate)n,,,,gastroesophageal reflux disease,,,,,
11492096,629,,prevents,,(Alginate)n,,,,gastroesophageal reflux disease,,,,,
11597598,635,,related to,,Zolimidine,,,,peptic ulcer disease,,,,,
13503760,638,,affects,,Chlorhexidine,,,,periodontal disorder,,,,,
11792004,638,,treats,,Chlorhexidine,,,,periodontal disorder,,,,,
19905103,638,,prevents,,Chlorhexidine,,,,periodontal disorder,,,,,
19942414,638,,predisposes,,Chlorhexidine,,,,periodontal disorder,,,,,
16147932,638,,causes,,Chlorhexidine,,,,gingivitis,,,,,
8506996,638,,affects,,Chlorhexidine,,,,gingivitis,,,,,
7869752,638,,treats,,Chlorhexidine,,,,gingivitis,,,,,
11272633,638,,disrupts,,Chlorhexidine,,,,gingivitis,,,,,
7990742,638,,prevents,,Chlorhexidine,,,,gingivitis,,,,,
10593306,638,,treats,,Chlorhexidine,,,,eye infectious disorder,,,,,
7281939,638,,treats,,Chlorhexidine,,,,Acanthamoeba keratitis,,,,,
13955725,638,,treats,,Chlorhexidine,,,,bacterial infectious disease,,,,,
30376939,1721,,treats,,Losartan,,,,Left ventricular hypertrophy,,,,,
